paper,productId,variant,size,finish,printing,binding,qty,price
70 GSM Maplitho,186,"Letter Head - 70 GSM, Maplitho Paper ( A4 Size )",A4,Plain,Single Side,Not Required,1000,779.0
70 GSM Maplitho,186,"Letter Head - 70 GSM, Maplitho Paper ( A4 Size )",A4,Plain,Single Side,Not Required,2000,1509.0
70 GSM Maplitho,186,"Letter Head - 70 GSM, Maplitho Paper ( A4 Size )",A4,Plain,Single Side,Not Required,3000,2219.0
70 GSM Maplitho,186,"Letter Head - 70 GSM, Maplitho Paper ( A4 Size )",A4,Plain,Single Side,Not Required,4000,2479.0
70 GSM Maplitho,186,"Letter Head - 70 GSM, Maplitho Paper ( A4 Size )",A4,Plain,Single Side,Not Required,8000,4679.0
70 GSM Maplitho,186,"Letter Head - 70 GSM, Maplitho Paper ( A4 Size )",A4,Plain,Single Side,Not Required,12000,7269.0
70 GSM Maplitho,186,"Letter Head - 70 GSM, Maplitho Paper ( A4 Size )",A4,Plain,Single Side,Not Required,16000,9199.0
70 GSM Maplitho,186,"Letter Head - 70 GSM, Maplitho Paper ( A4 Size )",A4,Plain,Single Side,Pad (10 x 100 letter heads),1000,879.0
70 GSM Maplitho,186,"Letter Head - 70 GSM, Maplitho Paper ( A4 Size )",A4,Plain,Single Side,Pad (10 x 100 letter heads),2000,1709.0
70 GSM Maplitho,186,"Letter Head - 70 GSM, Maplitho Paper ( A4 Size )",A4,Plain,Single Side,Pad (10 x 100 letter heads),3000,2519.0
70 GSM Maplitho,186,"Letter Head - 70 GSM, Maplitho Paper ( A4 Size )",A4,Plain,Single Side,Pad (10 x 100 letter heads),4000,2879.0
70 GSM Maplitho,186,"Letter Head - 70 GSM, Maplitho Paper ( A4 Size )",A4,Plain,Single Side,Pad (10 x 100 letter heads),8000,5479.0
70 GSM Maplitho,186,"Letter Head - 70 GSM, Maplitho Paper ( A4 Size )",A4,Plain,Single Side,Pad (10 x 100 letter heads),12000,8069.0
70 GSM Maplitho,186,"Letter Head - 70 GSM, Maplitho Paper ( A4 Size )",A4,Plain,Single Side,Pad (10 x 100 letter heads),16000,9999.0
70 GSM Maplitho,186,"Letter Head - 70 GSM, Maplitho Paper ( A4 Size )",A4,Plain,Single Side,Pockets (10 x 100 Letter Heads),1000,879.0
70 GSM Maplitho,186,"Letter Head - 70 GSM, Maplitho Paper ( A4 Size )",A4,Plain,Single Side,Pockets (10 x 100 Letter Heads),2000,1709.0
70 GSM Maplitho,186,"Letter Head - 70 GSM, Maplitho Paper ( A4 Size )",A4,Plain,Single Side,Pockets (10 x 100 Letter Heads),3000,2519.0
70 GSM Maplitho,186,"Letter Head - 70 GSM, Maplitho Paper ( A4 Size )",A4,Plain,Single Side,Pockets (10 x 100 Letter Heads),4000,2879.0
70 GSM Maplitho,186,"Letter Head - 70 GSM, Maplitho Paper ( A4 Size )",A4,Plain,Single Side,Pockets (10 x 100 Letter Heads),8000,5479.0
70 GSM Maplitho,186,"Letter Head - 70 GSM, Maplitho Paper ( A4 Size )",A4,Plain,Single Side,Pockets (10 x 100 Letter Heads),12000,8069.0
70 GSM Maplitho,186,"Letter Head - 70 GSM, Maplitho Paper ( A4 Size )",A4,Plain,Single Side,Pockets (10 x 100 Letter Heads),16000,9999.0
70 GSM Maplitho,369,"Letter Head - 70 GSM, Maplitho Paper ( Letter Size )",Letter,Plain,Single Side,Not Required,1000,779.0
70 GSM Maplitho,369,"Letter Head - 70 GSM, Maplitho Paper ( Letter Size )",Letter,Plain,Single Side,Not Required,2000,1509.0
70 GSM Maplitho,369,"Letter Head - 70 GSM, Maplitho Paper ( Letter Size )",Letter,Plain,Single Side,Not Required,3000,2219.0
70 GSM Maplitho,369,"Letter Head - 70 GSM, Maplitho Paper ( Letter Size )",Letter,Plain,Single Side,Not Required,4000,2479.0
70 GSM Maplitho,369,"Letter Head - 70 GSM, Maplitho Paper ( Letter Size )",Letter,Plain,Single Side,Not Required,8000,4679.0
70 GSM Maplitho,369,"Letter Head - 70 GSM, Maplitho Paper ( Letter Size )",Letter,Plain,Single Side,Not Required,12000,7269.0
70 GSM Maplitho,369,"Letter Head - 70 GSM, Maplitho Paper ( Letter Size )",Letter,Plain,Single Side,Not Required,16000,9199.0
70 GSM Maplitho,369,"Letter Head - 70 GSM, Maplitho Paper ( Letter Size )",Letter,Plain,Single Side,Pad (10 x 100 letter heads),1000,879.0
70 GSM Maplitho,369,"Letter Head - 70 GSM, Maplitho Paper ( Letter Size )",Letter,Plain,Single Side,Pad (10 x 100 letter heads),2000,1709.0
70 GSM Maplitho,369,"Letter Head - 70 GSM, Maplitho Paper ( Letter Size )",Letter,Plain,Single Side,Pad (10 x 100 letter heads),3000,2519.0
70 GSM Maplitho,369,"Letter Head - 70 GSM, Maplitho Paper ( Letter Size )",Letter,Plain,Single Side,Pad (10 x 100 letter heads),4000,2879.0
70 GSM Maplitho,369,"Letter Head - 70 GSM, Maplitho Paper ( Letter Size )",Letter,Plain,Single Side,Pad (10 x 100 letter heads),8000,5479.0
70 GSM Maplitho,369,"Letter Head - 70 GSM, Maplitho Paper ( Letter Size )",Letter,Plain,Single Side,Pad (10 x 100 letter heads),12000,8069.0
70 GSM Maplitho,369,"Letter Head - 70 GSM, Maplitho Paper ( Letter Size )",Letter,Plain,Single Side,Pad (10 x 100 letter heads),16000,9999.0
70 GSM Maplitho,369,"Letter Head - 70 GSM, Maplitho Paper ( Letter Size )",Letter,Plain,Single Side,Pockets (10 x 100 Letter Heads),1000,879.0
70 GSM Maplitho,369,"Letter Head - 70 GSM, Maplitho Paper ( Letter Size )",Letter,Plain,Single Side,Pockets (10 x 100 Letter Heads),2000,1709.0
70 GSM Maplitho,369,"Letter Head - 70 GSM, Maplitho Paper ( Letter Size )",Letter,Plain,Single Side,Pockets (10 x 100 Letter Heads),3000,2519.0
70 GSM Maplitho,369,"Letter Head - 70 GSM, Maplitho Paper ( Letter Size )",Letter,Plain,Single Side,Pockets (10 x 100 Letter Heads),4000,2879.0
70 GSM Maplitho,369,"Letter Head - 70 GSM, Maplitho Paper ( Letter Size )",Letter,Plain,Single Side,Pockets (10 x 100 Letter Heads),8000,5479.0
70 GSM Maplitho,369,"Letter Head - 70 GSM, Maplitho Paper ( Letter Size )",Letter,Plain,Single Side,Pockets (10 x 100 Letter Heads),12000,8069.0
70 GSM Maplitho,369,"Letter Head - 70 GSM, Maplitho Paper ( Letter Size )",Letter,Plain,Single Side,Pockets (10 x 100 Letter Heads),16000,9999.0
90 GSM Sunshine,32,"Letter Head - 90 GSM, Sunshine Paper ( A4 Size )",A4,Plain,Single Side,Not Required,1000,1019.0
90 GSM Sunshine,32,"Letter Head - 90 GSM, Sunshine Paper ( A4 Size )",A4,Plain,Single Side,Not Required,2000,2039.0
90 GSM Sunshine,32,"Letter Head - 90 GSM, Sunshine Paper ( A4 Size )",A4,Plain,Single Side,Not Required,3000,2999.0
90 GSM Sunshine,32,"Letter Head - 90 GSM, Sunshine Paper ( A4 Size )",A4,Plain,Single Side,Not Required,4000,3909.0
90 GSM Sunshine,32,"Letter Head - 90 GSM, Sunshine Paper ( A4 Size )",A4,Plain,Single Side,Not Required,8000,6929.0
90 GSM Sunshine,32,"Letter Head - 90 GSM, Sunshine Paper ( A4 Size )",A4,Plain,Single Side,Not Required,12000,9769.0
90 GSM Sunshine,32,"Letter Head - 90 GSM, Sunshine Paper ( A4 Size )",A4,Plain,Single Side,Not Required,16000,12539.0
90 GSM Sunshine,32,"Letter Head - 90 GSM, Sunshine Paper ( A4 Size )",A4,Plain,Single Side,Pad (10 x 100 letter heads),1000,1119.0
90 GSM Sunshine,32,"Letter Head - 90 GSM, Sunshine Paper ( A4 Size )",A4,Plain,Single Side,Pad (10 x 100 letter heads),2000,2239.0
90 GSM Sunshine,32,"Letter Head - 90 GSM, Sunshine Paper ( A4 Size )",A4,Plain,Single Side,Pad (10 x 100 letter heads),3000,3299.0
90 GSM Sunshine,32,"Letter Head - 90 GSM, Sunshine Paper ( A4 Size )",A4,Plain,Single Side,Pad (10 x 100 letter heads),4000,4309.0
90 GSM Sunshine,32,"Letter Head - 90 GSM, Sunshine Paper ( A4 Size )",A4,Plain,Single Side,Pad (10 x 100 letter heads),8000,7729.0
90 GSM Sunshine,32,"Letter Head - 90 GSM, Sunshine Paper ( A4 Size )",A4,Plain,Single Side,Pad (10 x 100 letter heads),12000,10569.0
90 GSM Sunshine,32,"Letter Head - 90 GSM, Sunshine Paper ( A4 Size )",A4,Plain,Single Side,Pad (10 x 100 letter heads),16000,13339.0
90 GSM Sunshine,32,"Letter Head - 90 GSM, Sunshine Paper ( A4 Size )",A4,Plain,Single Side,Pockets (10 x 100 Letter Heads),1000,1119.0
90 GSM Sunshine,32,"Letter Head - 90 GSM, Sunshine Paper ( A4 Size )",A4,Plain,Single Side,Pockets (10 x 100 Letter Heads),2000,2239.0
90 GSM Sunshine,32,"Letter Head - 90 GSM, Sunshine Paper ( A4 Size )",A4,Plain,Single Side,Pockets (10 x 100 Letter Heads),3000,3299.0
90 GSM Sunshine,32,"Letter Head - 90 GSM, Sunshine Paper ( A4 Size )",A4,Plain,Single Side,Pockets (10 x 100 Letter Heads),4000,4309.0
90 GSM Sunshine,32,"Letter Head - 90 GSM, Sunshine Paper ( A4 Size )",A4,Plain,Single Side,Pockets (10 x 100 Letter Heads),8000,7729.0
90 GSM Sunshine,32,"Letter Head - 90 GSM, Sunshine Paper ( A4 Size )",A4,Plain,Single Side,Pockets (10 x 100 Letter Heads),12000,10569.0
90 GSM Sunshine,32,"Letter Head - 90 GSM, Sunshine Paper ( A4 Size )",A4,Plain,Single Side,Pockets (10 x 100 Letter Heads),16000,13339.0
90 GSM Sunshine,370,"Letter Head - 90 GSM, Sunshine Paper ( Letter Size )",Letter,Plain,Single Side,Not Required,1000,1019.0
90 GSM Sunshine,370,"Letter Head - 90 GSM, Sunshine Paper ( Letter Size )",Letter,Plain,Single Side,Not Required,2000,2039.0
90 GSM Sunshine,370,"Letter Head - 90 GSM, Sunshine Paper ( Letter Size )",Letter,Plain,Single Side,Not Required,3000,2999.0
90 GSM Sunshine,370,"Letter Head - 90 GSM, Sunshine Paper ( Letter Size )",Letter,Plain,Single Side,Not Required,4000,3909.0
90 GSM Sunshine,370,"Letter Head - 90 GSM, Sunshine Paper ( Letter Size )",Letter,Plain,Single Side,Not Required,8000,6929.0
90 GSM Sunshine,370,"Letter Head - 90 GSM, Sunshine Paper ( Letter Size )",Letter,Plain,Single Side,Not Required,12000,9769.0
90 GSM Sunshine,370,"Letter Head - 90 GSM, Sunshine Paper ( Letter Size )",Letter,Plain,Single Side,Not Required,16000,12539.0
90 GSM Sunshine,370,"Letter Head - 90 GSM, Sunshine Paper ( Letter Size )",Letter,Plain,Single Side,Pad (10 x 100 letter heads),1000,1119.0
90 GSM Sunshine,370,"Letter Head - 90 GSM, Sunshine Paper ( Letter Size )",Letter,Plain,Single Side,Pad (10 x 100 letter heads),2000,2239.0
90 GSM Sunshine,370,"Letter Head - 90 GSM, Sunshine Paper ( Letter Size )",Letter,Plain,Single Side,Pad (10 x 100 letter heads),3000,3299.0
90 GSM Sunshine,370,"Letter Head - 90 GSM, Sunshine Paper ( Letter Size )",Letter,Plain,Single Side,Pad (10 x 100 letter heads),4000,4309.0
90 GSM Sunshine,370,"Letter Head - 90 GSM, Sunshine Paper ( Letter Size )",Letter,Plain,Single Side,Pad (10 x 100 letter heads),8000,7729.0
90 GSM Sunshine,370,"Letter Head - 90 GSM, Sunshine Paper ( Letter Size )",Letter,Plain,Single Side,Pad (10 x 100 letter heads),12000,10569.0
90 GSM Sunshine,370,"Letter Head - 90 GSM, Sunshine Paper ( Letter Size )",Letter,Plain,Single Side,Pad (10 x 100 letter heads),16000,13339.0
90 GSM Sunshine,370,"Letter Head - 90 GSM, Sunshine Paper ( Letter Size )",Letter,Plain,Single Side,Pockets (10 x 100 Letter Heads),1000,1119.0
90 GSM Sunshine,370,"Letter Head - 90 GSM, Sunshine Paper ( Letter Size )",Letter,Plain,Single Side,Pockets (10 x 100 Letter Heads),2000,2239.0
90 GSM Sunshine,370,"Letter Head - 90 GSM, Sunshine Paper ( Letter Size )",Letter,Plain,Single Side,Pockets (10 x 100 Letter Heads),3000,3299.0
90 GSM Sunshine,370,"Letter Head - 90 GSM, Sunshine Paper ( Letter Size )",Letter,Plain,Single Side,Pockets (10 x 100 Letter Heads),4000,4309.0
90 GSM Sunshine,370,"Letter Head - 90 GSM, Sunshine Paper ( Letter Size )",Letter,Plain,Single Side,Pockets (10 x 100 Letter Heads),8000,7729.0
90 GSM Sunshine,370,"Letter Head - 90 GSM, Sunshine Paper ( Letter Size )",Letter,Plain,Single Side,Pockets (10 x 100 Letter Heads),12000,10569.0
90 GSM Sunshine,370,"Letter Head - 90 GSM, Sunshine Paper ( Letter Size )",Letter,Plain,Single Side,Pockets (10 x 100 Letter Heads),16000,13339.0
100 GSM Bond,187,"Letter Head - 100 GSM, Bond Paper ( A4 Size )",A4,Plain,Single Side,Not Required,1000,1169.0
100 GSM Bond,187,"Letter Head - 100 GSM, Bond Paper ( A4 Size )",A4,Plain,Single Side,Not Required,2000,2299.0
100 GSM Bond,187,"Letter Head - 100 GSM, Bond Paper ( A4 Size )",A4,Plain,Single Side,Not Required,3000,3389.0
100 GSM Bond,187,"Letter Head - 100 GSM, Bond Paper ( A4 Size )",A4,Plain,Single Side,Not Required,4000,4669.0
100 GSM Bond,187,"Letter Head - 100 GSM, Bond Paper ( A4 Size )",A4,Plain,Single Side,Not Required,8000,8189.0
100 GSM Bond,187,"Letter Head - 100 GSM, Bond Paper ( A4 Size )",A4,Plain,Single Side,Not Required,12000,11269.0
100 GSM Bond,187,"Letter Head - 100 GSM, Bond Paper ( A4 Size )",A4,Plain,Single Side,Not Required,16000,14759.0
100 GSM Bond,187,"Letter Head - 100 GSM, Bond Paper ( A4 Size )",A4,Plain,Single Side,Pad (10 x 100 letter heads),1000,1269.0
100 GSM Bond,187,"Letter Head - 100 GSM, Bond Paper ( A4 Size )",A4,Plain,Single Side,Pad (10 x 100 letter heads),2000,2499.0
100 GSM Bond,187,"Letter Head - 100 GSM, Bond Paper ( A4 Size )",A4,Plain,Single Side,Pad (10 x 100 letter heads),3000,3689.0
100 GSM Bond,187,"Letter Head - 100 GSM, Bond Paper ( A4 Size )",A4,Plain,Single Side,Pad (10 x 100 letter heads),4000,5069.0
100 GSM Bond,187,"Letter Head - 100 GSM, Bond Paper ( A4 Size )",A4,Plain,Single Side,Pad (10 x 100 letter heads),8000,8989.0
100 GSM Bond,187,"Letter Head - 100 GSM, Bond Paper ( A4 Size )",A4,Plain,Single Side,Pad (10 x 100 letter heads),12000,12069.0
100 GSM Bond,187,"Letter Head - 100 GSM, Bond Paper ( A4 Size )",A4,Plain,Single Side,Pad (10 x 100 letter heads),16000,15559.0
100 GSM Bond,187,"Letter Head - 100 GSM, Bond Paper ( A4 Size )",A4,Plain,Single Side,Pockets (10 x 100 Letter Heads),1000,1269.0
100 GSM Bond,187,"Letter Head - 100 GSM, Bond Paper ( A4 Size )",A4,Plain,Single Side,Pockets (10 x 100 Letter Heads),2000,2499.0
100 GSM Bond,187,"Letter Head - 100 GSM, Bond Paper ( A4 Size )",A4,Plain,Single Side,Pockets (10 x 100 Letter Heads),3000,3689.0
100 GSM Bond,187,"Letter Head - 100 GSM, Bond Paper ( A4 Size )",A4,Plain,Single Side,Pockets (10 x 100 Letter Heads),4000,5069.0
100 GSM Bond,187,"Letter Head - 100 GSM, Bond Paper ( A4 Size )",A4,Plain,Single Side,Pockets (10 x 100 Letter Heads),8000,8989.0
100 GSM Bond,187,"Letter Head - 100 GSM, Bond Paper ( A4 Size )",A4,Plain,Single Side,Pockets (10 x 100 Letter Heads),12000,12069.0
100 GSM Bond,187,"Letter Head - 100 GSM, Bond Paper ( A4 Size )",A4,Plain,Single Side,Pockets (10 x 100 Letter Heads),16000,15559.0
100 GSM Bond,378,"Letter Head - 100 GSM, Bond Paper ( Letter Size )",Letter,Plain,Single Side,Not Required,1000,1169.0
100 GSM Bond,378,"Letter Head - 100 GSM, Bond Paper ( Letter Size )",Letter,Plain,Single Side,Pad (10 x 100 letter heads),1000,1269.0
100 GSM Bond,378,"Letter Head - 100 GSM, Bond Paper ( Letter Size )",Letter,Plain,Single Side,Pockets (10 x 100 Letter Heads),1000,1269.0
100 GSM Bond,378,"Letter Head - 100 GSM, Bond Paper ( Letter Size )",Letter,Plain,Single Side,Not Required,2000,2299.0
100 GSM Bond,378,"Letter Head - 100 GSM, Bond Paper ( Letter Size )",Letter,Plain,Single Side,Pad (10 x 100 letter heads),2000,2499.0
100 GSM Bond,378,"Letter Head - 100 GSM, Bond Paper ( Letter Size )",Letter,Plain,Single Side,Pockets (10 x 100 Letter Heads),2000,2499.0
100 GSM Bond,378,"Letter Head - 100 GSM, Bond Paper ( Letter Size )",Letter,Plain,Single Side,Not Required,3000,3389.0
100 GSM Bond,378,"Letter Head - 100 GSM, Bond Paper ( Letter Size )",Letter,Plain,Single Side,Pad (10 x 100 letter heads),3000,3689.0
100 GSM Bond,378,"Letter Head - 100 GSM, Bond Paper ( Letter Size )",Letter,Plain,Single Side,Pockets (10 x 100 Letter Heads),3000,3689.0
100 GSM Bond,378,"Letter Head - 100 GSM, Bond Paper ( Letter Size )",Letter,Plain,Single Side,Not Required,4000,4669.0
100 GSM Bond,378,"Letter Head - 100 GSM, Bond Paper ( Letter Size )",Letter,Plain,Single Side,Pad (10 x 100 letter heads),4000,5069.0
100 GSM Bond,378,"Letter Head - 100 GSM, Bond Paper ( Letter Size )",Letter,Plain,Single Side,Pockets (10 x 100 Letter Heads),4000,5069.0
100 GSM Bond,378,"Letter Head - 100 GSM, Bond Paper ( Letter Size )",Letter,Plain,Single Side,Not Required,8000,8189.0
100 GSM Bond,378,"Letter Head - 100 GSM, Bond Paper ( Letter Size )",Letter,Plain,Single Side,Pad (10 x 100 letter heads),8000,8989.0
100 GSM Bond,378,"Letter Head - 100 GSM, Bond Paper ( Letter Size )",Letter,Plain,Single Side,Pockets (10 x 100 Letter Heads),8000,8989.0
100 GSM Bond,378,"Letter Head - 100 GSM, Bond Paper ( Letter Size )",Letter,Plain,Single Side,Not Required,12000,11269.0
100 GSM Bond,378,"Letter Head - 100 GSM, Bond Paper ( Letter Size )",Letter,Plain,Single Side,Pad (10 x 100 letter heads),12000,12069.0
100 GSM Bond,378,"Letter Head - 100 GSM, Bond Paper ( Letter Size )",Letter,Plain,Single Side,Pockets (10 x 100 Letter Heads),12000,12069.0
100 GSM Bond,378,"Letter Head - 100 GSM, Bond Paper ( Letter Size )",Letter,Plain,Single Side,Not Required,16000,14759.0
100 GSM Bond,378,"Letter Head - 100 GSM, Bond Paper ( Letter Size )",Letter,Plain,Single Side,Pad (10 x 100 letter heads),16000,15559.0
100 GSM Bond,378,"Letter Head - 100 GSM, Bond Paper ( Letter Size )",Letter,Plain,Single Side,Pockets (10 x 100 Letter Heads),16000,15559.0
100 GSM Deo,225,"Letter Head - 100 GSM, Deo Paper ( A4 Size )",A4,Plain,Single Side,Not Required,500,704.0
100 GSM Deo,225,"Letter Head - 100 GSM, Deo Paper ( A4 Size )",A4,Plain,Single Side,Not Required,1000,1099.0
100 GSM Deo,225,"Letter Head - 100 GSM, Deo Paper ( A4 Size )",A4,Plain,Single Side,Not Required,2000,2189.0
100 GSM Deo,225,"Letter Head - 100 GSM, Deo Paper ( A4 Size )",A4,Plain,Single Side,Not Required,3000,3219.0
100 GSM Deo,225,"Letter Head - 100 GSM, Deo Paper ( A4 Size )",A4,Plain,Single Side,Not Required,4000,4409.0
100 GSM Deo,225,"Letter Head - 100 GSM, Deo Paper ( A4 Size )",A4,Plain,Single Side,Not Required,8000,7679.0
100 GSM Deo,225,"Letter Head - 100 GSM, Deo Paper ( A4 Size )",A4,Plain,Single Side,Not Required,12000,10669.0
100 GSM Deo,225,"Letter Head - 100 GSM, Deo Paper ( A4 Size )",A4,Plain,Single Side,Not Required,16000,14009.0
100 GSM Deo,225,"Letter Head - 100 GSM, Deo Paper ( A4 Size )",A4,Plain,Single Side,Pad (100 Letter Heads Per Pad),500,804.0
100 GSM Deo,225,"Letter Head - 100 GSM, Deo Paper ( A4 Size )",A4,Plain,Single Side,Pad (100 Letter Heads Per Pad),1000,1199.0
100 GSM Deo,225,"Letter Head - 100 GSM, Deo Paper ( A4 Size )",A4,Plain,Single Side,Pad (100 Letter Heads Per Pad),2000,2389.0
100 GSM Deo,225,"Letter Head - 100 GSM, Deo Paper ( A4 Size )",A4,Plain,Single Side,Pad (100 Letter Heads Per Pad),3000,3519.0
100 GSM Deo,225,"Letter Head - 100 GSM, Deo Paper ( A4 Size )",A4,Plain,Single Side,Pad (100 Letter Heads Per Pad),4000,4809.0
100 GSM Deo,225,"Letter Head - 100 GSM, Deo Paper ( A4 Size )",A4,Plain,Single Side,Pad (100 Letter Heads Per Pad),8000,8479.0
100 GSM Deo,225,"Letter Head - 100 GSM, Deo Paper ( A4 Size )",A4,Plain,Single Side,Pad (100 Letter Heads Per Pad),12000,11469.0
100 GSM Deo,225,"Letter Head - 100 GSM, Deo Paper ( A4 Size )",A4,Plain,Single Side,Pad (100 Letter Heads Per Pad),16000,14809.0
100 GSM Deo,225,"Letter Head - 100 GSM, Deo Paper ( A4 Size )",A4,Plain,Single Side,Pockets (100 Letter Heads Per Pocket),500,804.0
100 GSM Deo,225,"Letter Head - 100 GSM, Deo Paper ( A4 Size )",A4,Plain,Single Side,Pockets (100 Letter Heads Per Pocket),1000,1199.0
100 GSM Deo,225,"Letter Head - 100 GSM, Deo Paper ( A4 Size )",A4,Plain,Single Side,Pockets (100 Letter Heads Per Pocket),2000,2389.0
100 GSM Deo,225,"Letter Head - 100 GSM, Deo Paper ( A4 Size )",A4,Plain,Single Side,Pockets (100 Letter Heads Per Pocket),3000,3519.0
100 GSM Deo,225,"Letter Head - 100 GSM, Deo Paper ( A4 Size )",A4,Plain,Single Side,Pockets (100 Letter Heads Per Pocket),4000,4809.0
100 GSM Deo,225,"Letter Head - 100 GSM, Deo Paper ( A4 Size )",A4,Plain,Single Side,Pockets (100 Letter Heads Per Pocket),8000,8479.0
100 GSM Deo,225,"Letter Head - 100 GSM, Deo Paper ( A4 Size )",A4,Plain,Single Side,Pockets (100 Letter Heads Per Pocket),12000,11469.0
100 GSM Deo,225,"Letter Head - 100 GSM, Deo Paper ( A4 Size )",A4,Plain,Single Side,Pockets (100 Letter Heads Per Pocket),16000,14809.0
100 GSM Deo,225,"Letter Head - 100 GSM, Deo Paper ( A4 Size )",A4,Plain,Both Side,Not Required,500,1089.0
100 GSM Deo,225,"Letter Head - 100 GSM, Deo Paper ( A4 Size )",A4,Plain,Both Side,Not Required,1000,1459.0
100 GSM Deo,225,"Letter Head - 100 GSM, Deo Paper ( A4 Size )",A4,Plain,Both Side,Not Required,2000,2869.0
100 GSM Deo,225,"Letter Head - 100 GSM, Deo Paper ( A4 Size )",A4,Plain,Both Side,Not Required,3000,4219.0
100 GSM Deo,225,"Letter Head - 100 GSM, Deo Paper ( A4 Size )",A4,Plain,Both Side,Not Required,4000,5839.0
100 GSM Deo,225,"Letter Head - 100 GSM, Deo Paper ( A4 Size )",A4,Plain,Both Side,Not Required,8000,9519.0
100 GSM Deo,225,"Letter Head - 100 GSM, Deo Paper ( A4 Size )",A4,Plain,Both Side,Not Required,12000,13159.0
100 GSM Deo,225,"Letter Head - 100 GSM, Deo Paper ( A4 Size )",A4,Plain,Both Side,Not Required,16000,16979.0
100 GSM Deo,225,"Letter Head - 100 GSM, Deo Paper ( A4 Size )",A4,Plain,Both Side,Pad (100 Letter Heads Per Pad),500,1189.0
100 GSM Deo,225,"Letter Head - 100 GSM, Deo Paper ( A4 Size )",A4,Plain,Both Side,Pad (100 Letter Heads Per Pad),1000,1559.0
100 GSM Deo,225,"Letter Head - 100 GSM, Deo Paper ( A4 Size )",A4,Plain,Both Side,Pad (100 Letter Heads Per Pad),2000,3069.0
100 GSM Deo,225,"Letter Head - 100 GSM, Deo Paper ( A4 Size )",A4,Plain,Both Side,Pad (100 Letter Heads Per Pad),3000,4519.0
100 GSM Deo,225,"Letter Head - 100 GSM, Deo Paper ( A4 Size )",A4,Plain,Both Side,Pad (100 Letter Heads Per Pad),4000,6239.0
100 GSM Deo,225,"Letter Head - 100 GSM, Deo Paper ( A4 Size )",A4,Plain,Both Side,Pad (100 Letter Heads Per Pad),8000,10319.0
100 GSM Deo,225,"Letter Head - 100 GSM, Deo Paper ( A4 Size )",A4,Plain,Both Side,Pad (100 Letter Heads Per Pad),12000,13959.0
100 GSM Deo,225,"Letter Head - 100 GSM, Deo Paper ( A4 Size )",A4,Plain,Both Side,Pad (100 Letter Heads Per Pad),16000,17779.0
100 GSM Deo,225,"Letter Head - 100 GSM, Deo Paper ( A4 Size )",A4,Plain,Both Side,Pockets (100 Letter Heads Per Pocket),500,1189.0
100 GSM Deo,225,"Letter Head - 100 GSM, Deo Paper ( A4 Size )",A4,Plain,Both Side,Pockets (100 Letter Heads Per Pocket),1000,1559.0
100 GSM Deo,225,"Letter Head - 100 GSM, Deo Paper ( A4 Size )",A4,Plain,Both Side,Pockets (100 Letter Heads Per Pocket),2000,3069.0
100 GSM Deo,225,"Letter Head - 100 GSM, Deo Paper ( A4 Size )",A4,Plain,Both Side,Pockets (100 Letter Heads Per Pocket),3000,4519.0
100 GSM Deo,225,"Letter Head - 100 GSM, Deo Paper ( A4 Size )",A4,Plain,Both Side,Pockets (100 Letter Heads Per Pocket),4000,6239.0
100 GSM Deo,225,"Letter Head - 100 GSM, Deo Paper ( A4 Size )",A4,Plain,Both Side,Pockets (100 Letter Heads Per Pocket),8000,10319.0
100 GSM Deo,225,"Letter Head - 100 GSM, Deo Paper ( A4 Size )",A4,Plain,Both Side,Pockets (100 Letter Heads Per Pocket),12000,13959.0
100 GSM Deo,225,"Letter Head - 100 GSM, Deo Paper ( A4 Size )",A4,Plain,Both Side,Pockets (100 Letter Heads Per Pocket),16000,17779.0
100 GSM Deo,365,"Letter Head - 100 GSM, Deo Paper ( Letter Size )",Letter,Plain,Single Side,Not Required,500,704.0
100 GSM Deo,365,"Letter Head - 100 GSM, Deo Paper ( Letter Size )",Letter,Plain,Single Side,Not Required,1000,1099.0
100 GSM Deo,365,"Letter Head - 100 GSM, Deo Paper ( Letter Size )",Letter,Plain,Single Side,Not Required,2000,2189.0
100 GSM Deo,365,"Letter Head - 100 GSM, Deo Paper ( Letter Size )",Letter,Plain,Single Side,Not Required,3000,3219.0
100 GSM Deo,365,"Letter Head - 100 GSM, Deo Paper ( Letter Size )",Letter,Plain,Single Side,Not Required,4000,4409.0
100 GSM Deo,365,"Letter Head - 100 GSM, Deo Paper ( Letter Size )",Letter,Plain,Single Side,Not Required,8000,7679.0
100 GSM Deo,365,"Letter Head - 100 GSM, Deo Paper ( Letter Size )",Letter,Plain,Single Side,Not Required,12000,10669.0
100 GSM Deo,365,"Letter Head - 100 GSM, Deo Paper ( Letter Size )",Letter,Plain,Single Side,Not Required,16000,14009.0
100 GSM Deo,365,"Letter Head - 100 GSM, Deo Paper ( Letter Size )",Letter,Plain,Single Side,Pad (10 x 100 letter heads),500,804.0
100 GSM Deo,365,"Letter Head - 100 GSM, Deo Paper ( Letter Size )",Letter,Plain,Single Side,Pad (10 x 100 letter heads),1000,1199.0
100 GSM Deo,365,"Letter Head - 100 GSM, Deo Paper ( Letter Size )",Letter,Plain,Single Side,Pad (10 x 100 letter heads),2000,2389.0
100 GSM Deo,365,"Letter Head - 100 GSM, Deo Paper ( Letter Size )",Letter,Plain,Single Side,Pad (10 x 100 letter heads),3000,3519.0
100 GSM Deo,365,"Letter Head - 100 GSM, Deo Paper ( Letter Size )",Letter,Plain,Single Side,Pad (10 x 100 letter heads),4000,4809.0
100 GSM Deo,365,"Letter Head - 100 GSM, Deo Paper ( Letter Size )",Letter,Plain,Single Side,Pad (10 x 100 letter heads),8000,8479.0
100 GSM Deo,365,"Letter Head - 100 GSM, Deo Paper ( Letter Size )",Letter,Plain,Single Side,Pad (10 x 100 letter heads),12000,11469.0
100 GSM Deo,365,"Letter Head - 100 GSM, Deo Paper ( Letter Size )",Letter,Plain,Single Side,Pad (10 x 100 letter heads),16000,14809.0
100 GSM Deo,365,"Letter Head - 100 GSM, Deo Paper ( Letter Size )",Letter,Plain,Single Side,Pockets (10 x 100 Letter Heads),500,804.0
100 GSM Deo,365,"Letter Head - 100 GSM, Deo Paper ( Letter Size )",Letter,Plain,Single Side,Pockets (10 x 100 Letter Heads),1000,1199.0
100 GSM Deo,365,"Letter Head - 100 GSM, Deo Paper ( Letter Size )",Letter,Plain,Single Side,Pockets (10 x 100 Letter Heads),2000,2389.0
100 GSM Deo,365,"Letter Head - 100 GSM, Deo Paper ( Letter Size )",Letter,Plain,Single Side,Pockets (10 x 100 Letter Heads),3000,3519.0
100 GSM Deo,365,"Letter Head - 100 GSM, Deo Paper ( Letter Size )",Letter,Plain,Single Side,Pockets (10 x 100 Letter Heads),4000,4809.0
100 GSM Deo,365,"Letter Head - 100 GSM, Deo Paper ( Letter Size )",Letter,Plain,Single Side,Pockets (10 x 100 Letter Heads),8000,8479.0
100 GSM Deo,365,"Letter Head - 100 GSM, Deo Paper ( Letter Size )",Letter,Plain,Single Side,Pockets (10 x 100 Letter Heads),12000,11469.0
100 GSM Deo,365,"Letter Head - 100 GSM, Deo Paper ( Letter Size )",Letter,Plain,Single Side,Pockets (10 x 100 Letter Heads),16000,14809.0
100 GSM Deo,365,"Letter Head - 100 GSM, Deo Paper ( Letter Size )",Letter,Plain,Both Side,Not Required,500,1089.0
100 GSM Deo,365,"Letter Head - 100 GSM, Deo Paper ( Letter Size )",Letter,Plain,Both Side,Not Required,1000,1459.0
100 GSM Deo,365,"Letter Head - 100 GSM, Deo Paper ( Letter Size )",Letter,Plain,Both Side,Not Required,2000,2869.0
100 GSM Deo,365,"Letter Head - 100 GSM, Deo Paper ( Letter Size )",Letter,Plain,Both Side,Not Required,3000,4219.0
100 GSM Deo,365,"Letter Head - 100 GSM, Deo Paper ( Letter Size )",Letter,Plain,Both Side,Not Required,4000,5839.0
100 GSM Deo,365,"Letter Head - 100 GSM, Deo Paper ( Letter Size )",Letter,Plain,Both Side,Not Required,8000,9519.0
100 GSM Deo,365,"Letter Head - 100 GSM, Deo Paper ( Letter Size )",Letter,Plain,Both Side,Not Required,12000,13159.0
100 GSM Deo,365,"Letter Head - 100 GSM, Deo Paper ( Letter Size )",Letter,Plain,Both Side,Not Required,16000,16979.0
100 GSM Deo,365,"Letter Head - 100 GSM, Deo Paper ( Letter Size )",Letter,Plain,Both Side,Pad (10 x 100 letter heads),500,1189.0
100 GSM Deo,365,"Letter Head - 100 GSM, Deo Paper ( Letter Size )",Letter,Plain,Both Side,Pad (10 x 100 letter heads),1000,1559.0
100 GSM Deo,365,"Letter Head - 100 GSM, Deo Paper ( Letter Size )",Letter,Plain,Both Side,Pad (10 x 100 letter heads),2000,3069.0
100 GSM Deo,365,"Letter Head - 100 GSM, Deo Paper ( Letter Size )",Letter,Plain,Both Side,Pad (10 x 100 letter heads),3000,4519.0
100 GSM Deo,365,"Letter Head - 100 GSM, Deo Paper ( Letter Size )",Letter,Plain,Both Side,Pad (10 x 100 letter heads),4000,6239.0
100 GSM Deo,365,"Letter Head - 100 GSM, Deo Paper ( Letter Size )",Letter,Plain,Both Side,Pad (10 x 100 letter heads),8000,10319.0
100 GSM Deo,365,"Letter Head - 100 GSM, Deo Paper ( Letter Size )",Letter,Plain,Both Side,Pad (10 x 100 letter heads),12000,13959.0
100 GSM Deo,365,"Letter Head - 100 GSM, Deo Paper ( Letter Size )",Letter,Plain,Both Side,Pad (10 x 100 letter heads),16000,17779.0
100 GSM Deo,365,"Letter Head - 100 GSM, Deo Paper ( Letter Size )",Letter,Plain,Both Side,Pockets (10 x 100 Letter Heads),500,1189.0
100 GSM Deo,365,"Letter Head - 100 GSM, Deo Paper ( Letter Size )",Letter,Plain,Both Side,Pockets (10 x 100 Letter Heads),1000,1559.0
100 GSM Deo,365,"Letter Head - 100 GSM, Deo Paper ( Letter Size )",Letter,Plain,Both Side,Pockets (10 x 100 Letter Heads),2000,3069.0
100 GSM Deo,365,"Letter Head - 100 GSM, Deo Paper ( Letter Size )",Letter,Plain,Both Side,Pockets (10 x 100 Letter Heads),3000,4519.0
100 GSM Deo,365,"Letter Head - 100 GSM, Deo Paper ( Letter Size )",Letter,Plain,Both Side,Pockets (10 x 100 Letter Heads),4000,6239.0
100 GSM Deo,365,"Letter Head - 100 GSM, Deo Paper ( Letter Size )",Letter,Plain,Both Side,Pockets (10 x 100 Letter Heads),8000,10319.0
100 GSM Deo,365,"Letter Head - 100 GSM, Deo Paper ( Letter Size )",Letter,Plain,Both Side,Pockets (10 x 100 Letter Heads),12000,13959.0
100 GSM Deo,365,"Letter Head - 100 GSM, Deo Paper ( Letter Size )",Letter,Plain,Both Side,Pockets (10 x 100 Letter Heads),16000,17779.0
100 GSM Deo,366,"Letter Head - 100 GSM, Deo Paper + UV ( A4 Size )",A4,UV,Single Side,Not Required,1000,1879.0
100 GSM Deo,366,"Letter Head - 100 GSM, Deo Paper + UV ( A4 Size )",A4,UV,Single Side,Not Required,2000,3459.0
100 GSM Deo,366,"Letter Head - 100 GSM, Deo Paper + UV ( A4 Size )",A4,UV,Single Side,Not Required,3000,4989.0
100 GSM Deo,366,"Letter Head - 100 GSM, Deo Paper + UV ( A4 Size )",A4,UV,Single Side,Not Required,4000,6929.0
100 GSM Deo,366,"Letter Head - 100 GSM, Deo Paper + UV ( A4 Size )",A4,UV,Single Side,Not Required,8000,10599.0
100 GSM Deo,366,"Letter Head - 100 GSM, Deo Paper + UV ( A4 Size )",A4,UV,Single Side,Not Required,12000,10879.0
100 GSM Deo,366,"Letter Head - 100 GSM, Deo Paper + UV ( A4 Size )",A4,UV,Single Side,Not Required,16000,14009.0
100 GSM Deo,366,"Letter Head - 100 GSM, Deo Paper + UV ( A4 Size )",A4,UV,Single Side,Pad (10 x 100 letter heads),1000,1979.0
100 GSM Deo,366,"Letter Head - 100 GSM, Deo Paper + UV ( A4 Size )",A4,UV,Single Side,Pad (10 x 100 letter heads),2000,3659.0
100 GSM Deo,366,"Letter Head - 100 GSM, Deo Paper + UV ( A4 Size )",A4,UV,Single Side,Pad (10 x 100 letter heads),3000,5289.0
100 GSM Deo,366,"Letter Head - 100 GSM, Deo Paper + UV ( A4 Size )",A4,UV,Single Side,Pad (10 x 100 letter heads),4000,7329.0
100 GSM Deo,366,"Letter Head - 100 GSM, Deo Paper + UV ( A4 Size )",A4,UV,Single Side,Pad (10 x 100 letter heads),8000,11399.0
100 GSM Deo,366,"Letter Head - 100 GSM, Deo Paper + UV ( A4 Size )",A4,UV,Single Side,Pad (10 x 100 letter heads),12000,11679.0
100 GSM Deo,366,"Letter Head - 100 GSM, Deo Paper + UV ( A4 Size )",A4,UV,Single Side,Pad (10 x 100 letter heads),16000,14809.0
100 GSM Deo,366,"Letter Head - 100 GSM, Deo Paper + UV ( A4 Size )",A4,UV,Single Side,Pockets (10 x 100 Letter Heads),1000,1979.0
100 GSM Deo,366,"Letter Head - 100 GSM, Deo Paper + UV ( A4 Size )",A4,UV,Single Side,Pockets (10 x 100 Letter Heads),2000,3659.0
100 GSM Deo,366,"Letter Head - 100 GSM, Deo Paper + UV ( A4 Size )",A4,UV,Single Side,Pockets (10 x 100 Letter Heads),3000,5289.0
100 GSM Deo,366,"Letter Head - 100 GSM, Deo Paper + UV ( A4 Size )",A4,UV,Single Side,Pockets (10 x 100 Letter Heads),4000,7329.0
100 GSM Deo,366,"Letter Head - 100 GSM, Deo Paper + UV ( A4 Size )",A4,UV,Single Side,Pockets (10 x 100 Letter Heads),8000,11399.0
100 GSM Deo,366,"Letter Head - 100 GSM, Deo Paper + UV ( A4 Size )",A4,UV,Single Side,Pockets (10 x 100 Letter Heads),12000,11679.0
100 GSM Deo,366,"Letter Head - 100 GSM, Deo Paper + UV ( A4 Size )",A4,UV,Single Side,Pockets (10 x 100 Letter Heads),16000,14809.0
100 GSM Deo,366,"Letter Head - 100 GSM, Deo Paper + UV ( A4 Size )",A4,UV,Both Side,Not Required,1000,2229.0
100 GSM Deo,366,"Letter Head - 100 GSM, Deo Paper + UV ( A4 Size )",A4,UV,Both Side,Not Required,2000,4159.0
100 GSM Deo,366,"Letter Head - 100 GSM, Deo Paper + UV ( A4 Size )",A4,UV,Both Side,Not Required,3000,6219.0
100 GSM Deo,366,"Letter Head - 100 GSM, Deo Paper + UV ( A4 Size )",A4,UV,Both Side,Not Required,4000,8259.0
100 GSM Deo,366,"Letter Head - 100 GSM, Deo Paper + UV ( A4 Size )",A4,UV,Both Side,Not Required,8000,12429.0
100 GSM Deo,366,"Letter Head - 100 GSM, Deo Paper + UV ( A4 Size )",A4,UV,Both Side,Not Required,12000,13159.0
100 GSM Deo,366,"Letter Head - 100 GSM, Deo Paper + UV ( A4 Size )",A4,UV,Both Side,Not Required,16000,16979.0
100 GSM Deo,366,"Letter Head - 100 GSM, Deo Paper + UV ( A4 Size )",A4,UV,Both Side,Pad (10 x 100 letter heads),1000,2329.0
100 GSM Deo,366,"Letter Head - 100 GSM, Deo Paper + UV ( A4 Size )",A4,UV,Both Side,Pad (10 x 100 letter heads),2000,4359.0
100 GSM Deo,366,"Letter Head - 100 GSM, Deo Paper + UV ( A4 Size )",A4,UV,Both Side,Pad (10 x 100 letter heads),3000,6519.0
100 GSM Deo,366,"Letter Head - 100 GSM, Deo Paper + UV ( A4 Size )",A4,UV,Both Side,Pad (10 x 100 letter heads),4000,8659.0
100 GSM Deo,366,"Letter Head - 100 GSM, Deo Paper + UV ( A4 Size )",A4,UV,Both Side,Pad (10 x 100 letter heads),8000,13229.0
100 GSM Deo,366,"Letter Head - 100 GSM, Deo Paper + UV ( A4 Size )",A4,UV,Both Side,Pad (10 x 100 letter heads),12000,13959.0
100 GSM Deo,366,"Letter Head - 100 GSM, Deo Paper + UV ( A4 Size )",A4,UV,Both Side,Pad (10 x 100 letter heads),16000,17779.0
100 GSM Deo,366,"Letter Head - 100 GSM, Deo Paper + UV ( A4 Size )",A4,UV,Both Side,Pockets (10 x 100 Letter Heads),1000,2329.0
100 GSM Deo,366,"Letter Head - 100 GSM, Deo Paper + UV ( A4 Size )",A4,UV,Both Side,Pockets (10 x 100 Letter Heads),2000,4359.0
100 GSM Deo,366,"Letter Head - 100 GSM, Deo Paper + UV ( A4 Size )",A4,UV,Both Side,Pockets (10 x 100 Letter Heads),3000,6519.0
100 GSM Deo,366,"Letter Head - 100 GSM, Deo Paper + UV ( A4 Size )",A4,UV,Both Side,Pockets (10 x 100 Letter Heads),4000,8659.0
100 GSM Deo,366,"Letter Head - 100 GSM, Deo Paper + UV ( A4 Size )",A4,UV,Both Side,Pockets (10 x 100 Letter Heads),8000,13229.0
100 GSM Deo,366,"Letter Head - 100 GSM, Deo Paper + UV ( A4 Size )",A4,UV,Both Side,Pockets (10 x 100 Letter Heads),12000,13959.0
100 GSM Deo,366,"Letter Head - 100 GSM, Deo Paper + UV ( A4 Size )",A4,UV,Both Side,Pockets (10 x 100 Letter Heads),16000,17779.0
100 GSM Deo,373,"Letter Head - 100 GSM, Deo Paper + UV ( Letter Size )",Letter,UV,Single Side,Not Required,1000,1879.0
100 GSM Deo,373,"Letter Head - 100 GSM, Deo Paper + UV ( Letter Size )",Letter,UV,Single Side,Not Required,2000,3459.0
100 GSM Deo,373,"Letter Head - 100 GSM, Deo Paper + UV ( Letter Size )",Letter,UV,Single Side,Not Required,3000,4989.0
100 GSM Deo,373,"Letter Head - 100 GSM, Deo Paper + UV ( Letter Size )",Letter,UV,Single Side,Not Required,4000,6929.0
100 GSM Deo,373,"Letter Head - 100 GSM, Deo Paper + UV ( Letter Size )",Letter,UV,Single Side,Not Required,8000,10599.0
100 GSM Deo,373,"Letter Head - 100 GSM, Deo Paper + UV ( Letter Size )",Letter,UV,Single Side,Not Required,12000,10879.0
100 GSM Deo,373,"Letter Head - 100 GSM, Deo Paper + UV ( Letter Size )",Letter,UV,Single Side,Not Required,16000,14009.0
100 GSM Deo,373,"Letter Head - 100 GSM, Deo Paper + UV ( Letter Size )",Letter,UV,Single Side,Pad (10 x 100 letter heads),1000,1979.0
100 GSM Deo,373,"Letter Head - 100 GSM, Deo Paper + UV ( Letter Size )",Letter,UV,Single Side,Pad (10 x 100 letter heads),2000,3659.0
100 GSM Deo,373,"Letter Head - 100 GSM, Deo Paper + UV ( Letter Size )",Letter,UV,Single Side,Pad (10 x 100 letter heads),3000,5289.0
100 GSM Deo,373,"Letter Head - 100 GSM, Deo Paper + UV ( Letter Size )",Letter,UV,Single Side,Pad (10 x 100 letter heads),4000,7329.0
100 GSM Deo,373,"Letter Head - 100 GSM, Deo Paper + UV ( Letter Size )",Letter,UV,Single Side,Pad (10 x 100 letter heads),8000,11399.0
100 GSM Deo,373,"Letter Head - 100 GSM, Deo Paper + UV ( Letter Size )",Letter,UV,Single Side,Pad (10 x 100 letter heads),12000,11679.0
100 GSM Deo,373,"Letter Head - 100 GSM, Deo Paper + UV ( Letter Size )",Letter,UV,Single Side,Pad (10 x 100 letter heads),16000,14809.0
100 GSM Deo,373,"Letter Head - 100 GSM, Deo Paper + UV ( Letter Size )",Letter,UV,Single Side,Pockets (10 x 100 Letter Heads),1000,1979.0
100 GSM Deo,373,"Letter Head - 100 GSM, Deo Paper + UV ( Letter Size )",Letter,UV,Single Side,Pockets (10 x 100 Letter Heads),2000,3659.0
100 GSM Deo,373,"Letter Head - 100 GSM, Deo Paper + UV ( Letter Size )",Letter,UV,Single Side,Pockets (10 x 100 Letter Heads),3000,5289.0
100 GSM Deo,373,"Letter Head - 100 GSM, Deo Paper + UV ( Letter Size )",Letter,UV,Single Side,Pockets (10 x 100 Letter Heads),4000,7329.0
100 GSM Deo,373,"Letter Head - 100 GSM, Deo Paper + UV ( Letter Size )",Letter,UV,Single Side,Pockets (10 x 100 Letter Heads),8000,11399.0
100 GSM Deo,373,"Letter Head - 100 GSM, Deo Paper + UV ( Letter Size )",Letter,UV,Single Side,Pockets (10 x 100 Letter Heads),12000,11679.0
100 GSM Deo,373,"Letter Head - 100 GSM, Deo Paper + UV ( Letter Size )",Letter,UV,Single Side,Pockets (10 x 100 Letter Heads),16000,14809.0
100 GSM Deo,373,"Letter Head - 100 GSM, Deo Paper + UV ( Letter Size )",Letter,UV,Both Side,Not Required,1000,2229.0
100 GSM Deo,373,"Letter Head - 100 GSM, Deo Paper + UV ( Letter Size )",Letter,UV,Both Side,Not Required,2000,4159.0
100 GSM Deo,373,"Letter Head - 100 GSM, Deo Paper + UV ( Letter Size )",Letter,UV,Both Side,Not Required,3000,6219.0
100 GSM Deo,373,"Letter Head - 100 GSM, Deo Paper + UV ( Letter Size )",Letter,UV,Both Side,Not Required,4000,8259.0
100 GSM Deo,373,"Letter Head - 100 GSM, Deo Paper + UV ( Letter Size )",Letter,UV,Both Side,Not Required,8000,12429.0
100 GSM Deo,373,"Letter Head - 100 GSM, Deo Paper + UV ( Letter Size )",Letter,UV,Both Side,Not Required,12000,13159.0
100 GSM Deo,373,"Letter Head - 100 GSM, Deo Paper + UV ( Letter Size )",Letter,UV,Both Side,Not Required,16000,16979.0
100 GSM Deo,373,"Letter Head - 100 GSM, Deo Paper + UV ( Letter Size )",Letter,UV,Both Side,Pad (10 x 100 letter heads),1000,2329.0
100 GSM Deo,373,"Letter Head - 100 GSM, Deo Paper + UV ( Letter Size )",Letter,UV,Both Side,Pad (10 x 100 letter heads),2000,4359.0
100 GSM Deo,373,"Letter Head - 100 GSM, Deo Paper + UV ( Letter Size )",Letter,UV,Both Side,Pad (10 x 100 letter heads),3000,6519.0
100 GSM Deo,373,"Letter Head - 100 GSM, Deo Paper + UV ( Letter Size )",Letter,UV,Both Side,Pad (10 x 100 letter heads),4000,8659.0
100 GSM Deo,373,"Letter Head - 100 GSM, Deo Paper + UV ( Letter Size )",Letter,UV,Both Side,Pad (10 x 100 letter heads),8000,13229.0
100 GSM Deo,373,"Letter Head - 100 GSM, Deo Paper + UV ( Letter Size )",Letter,UV,Both Side,Pad (10 x 100 letter heads),12000,13959.0
100 GSM Deo,373,"Letter Head - 100 GSM, Deo Paper + UV ( Letter Size )",Letter,UV,Both Side,Pad (10 x 100 letter heads),16000,17779.0
100 GSM Deo,373,"Letter Head - 100 GSM, Deo Paper + UV ( Letter Size )",Letter,UV,Both Side,Pockets (10 x 100 Letter Heads),1000,2329.0
100 GSM Deo,373,"Letter Head - 100 GSM, Deo Paper + UV ( Letter Size )",Letter,UV,Both Side,Pockets (10 x 100 Letter Heads),2000,4359.0
100 GSM Deo,373,"Letter Head - 100 GSM, Deo Paper + UV ( Letter Size )",Letter,UV,Both Side,Pockets (10 x 100 Letter Heads),3000,6519.0
100 GSM Deo,373,"Letter Head - 100 GSM, Deo Paper + UV ( Letter Size )",Letter,UV,Both Side,Pockets (10 x 100 Letter Heads),4000,8659.0
100 GSM Deo,373,"Letter Head - 100 GSM, Deo Paper + UV ( Letter Size )",Letter,UV,Both Side,Pockets (10 x 100 Letter Heads),8000,13229.0
100 GSM Deo,373,"Letter Head - 100 GSM, Deo Paper + UV ( Letter Size )",Letter,UV,Both Side,Pockets (10 x 100 Letter Heads),12000,13959.0
100 GSM Deo,373,"Letter Head - 100 GSM, Deo Paper + UV ( Letter Size )",Letter,UV,Both Side,Pockets (10 x 100 Letter Heads),16000,17779.0
100 GSM Deo,374,"Letter Head - 100 GSM, Deo Paper + Foil ( A4 Size )",A4,Foil,Single Side,Not Required,1000,2199.0
100 GSM Deo,374,"Letter Head - 100 GSM, Deo Paper + Foil ( A4 Size )",A4,Foil,Single Side,Not Required,2000,3769.0
100 GSM Deo,374,"Letter Head - 100 GSM, Deo Paper + Foil ( A4 Size )",A4,Foil,Single Side,Not Required,3000,5279.0
100 GSM Deo,374,"Letter Head - 100 GSM, Deo Paper + Foil ( A4 Size )",A4,Foil,Single Side,Not Required,4000,7129.0
100 GSM Deo,374,"Letter Head - 100 GSM, Deo Paper + Foil ( A4 Size )",A4,Foil,Single Side,Not Required,8000,10859.0
100 GSM Deo,374,"Letter Head - 100 GSM, Deo Paper + Foil ( A4 Size )",A4,Foil,Single Side,Not Required,12000,10579.0
100 GSM Deo,374,"Letter Head - 100 GSM, Deo Paper + Foil ( A4 Size )",A4,Foil,Single Side,Not Required,16000,13889.0
100 GSM Deo,374,"Letter Head - 100 GSM, Deo Paper + Foil ( A4 Size )",A4,Foil,Single Side,Pad (10 x 100 letter heads),1000,2299.0
100 GSM Deo,374,"Letter Head - 100 GSM, Deo Paper + Foil ( A4 Size )",A4,Foil,Single Side,Pad (10 x 100 letter heads),2000,3969.0
100 GSM Deo,374,"Letter Head - 100 GSM, Deo Paper + Foil ( A4 Size )",A4,Foil,Single Side,Pad (10 x 100 letter heads),3000,5579.0
100 GSM Deo,374,"Letter Head - 100 GSM, Deo Paper + Foil ( A4 Size )",A4,Foil,Single Side,Pad (10 x 100 letter heads),4000,4529.0
100 GSM Deo,374,"Letter Head - 100 GSM, Deo Paper + Foil ( A4 Size )",A4,Foil,Single Side,Pad (10 x 100 letter heads),8000,11659.0
100 GSM Deo,374,"Letter Head - 100 GSM, Deo Paper + Foil ( A4 Size )",A4,Foil,Single Side,Pad (10 x 100 letter heads),12000,11379.0
100 GSM Deo,374,"Letter Head - 100 GSM, Deo Paper + Foil ( A4 Size )",A4,Foil,Single Side,Pad (10 x 100 letter heads),16000,14689.0
100 GSM Deo,374,"Letter Head - 100 GSM, Deo Paper + Foil ( A4 Size )",A4,Foil,Single Side,Pockets (10 x 100 Letter Heads),1000,2299.0
100 GSM Deo,374,"Letter Head - 100 GSM, Deo Paper + Foil ( A4 Size )",A4,Foil,Single Side,Pockets (10 x 100 Letter Heads),2000,3969.0
100 GSM Deo,374,"Letter Head - 100 GSM, Deo Paper + Foil ( A4 Size )",A4,Foil,Single Side,Pockets (10 x 100 Letter Heads),3000,5579.0
100 GSM Deo,374,"Letter Head - 100 GSM, Deo Paper + Foil ( A4 Size )",A4,Foil,Single Side,Pockets (10 x 100 Letter Heads),4000,4529.0
100 GSM Deo,374,"Letter Head - 100 GSM, Deo Paper + Foil ( A4 Size )",A4,Foil,Single Side,Pockets (10 x 100 Letter Heads),8000,11659.0
100 GSM Deo,374,"Letter Head - 100 GSM, Deo Paper + Foil ( A4 Size )",A4,Foil,Single Side,Pockets (10 x 100 Letter Heads),12000,11379.0
100 GSM Deo,374,"Letter Head - 100 GSM, Deo Paper + Foil ( A4 Size )",A4,Foil,Single Side,Pockets (10 x 100 Letter Heads),16000,14689.0
100 GSM Deo,374,"Letter Head - 100 GSM, Deo Paper + Foil ( A4 Size )",A4,Foil,Both Side,Not Required,1000,2539.0
100 GSM Deo,374,"Letter Head - 100 GSM, Deo Paper + Foil ( A4 Size )",A4,Foil,Both Side,Not Required,2000,4439.0
100 GSM Deo,374,"Letter Head - 100 GSM, Deo Paper + Foil ( A4 Size )",A4,Foil,Both Side,Not Required,3000,6269.0
100 GSM Deo,374,"Letter Head - 100 GSM, Deo Paper + Foil ( A4 Size )",A4,Foil,Both Side,Not Required,4000,8029.0
100 GSM Deo,374,"Letter Head - 100 GSM, Deo Paper + Foil ( A4 Size )",A4,Foil,Both Side,Not Required,8000,11989.0
100 GSM Deo,374,"Letter Head - 100 GSM, Deo Paper + Foil ( A4 Size )",A4,Foil,Both Side,Not Required,12000,12529.0
100 GSM Deo,374,"Letter Head - 100 GSM, Deo Paper + Foil ( A4 Size )",A4,Foil,Both Side,Not Required,16000,16149.0
100 GSM Deo,374,"Letter Head - 100 GSM, Deo Paper + Foil ( A4 Size )",A4,Foil,Both Side,Pad (10 x 100 letter heads),1000,2639.0
100 GSM Deo,374,"Letter Head - 100 GSM, Deo Paper + Foil ( A4 Size )",A4,Foil,Both Side,Pad (10 x 100 letter heads),2000,4639.0
100 GSM Deo,374,"Letter Head - 100 GSM, Deo Paper + Foil ( A4 Size )",A4,Foil,Both Side,Pad (10 x 100 letter heads),3000,6569.0
100 GSM Deo,374,"Letter Head - 100 GSM, Deo Paper + Foil ( A4 Size )",A4,Foil,Both Side,Pad (10 x 100 letter heads),4000,8429.0
100 GSM Deo,374,"Letter Head - 100 GSM, Deo Paper + Foil ( A4 Size )",A4,Foil,Both Side,Pad (10 x 100 letter heads),8000,12789.0
100 GSM Deo,374,"Letter Head - 100 GSM, Deo Paper + Foil ( A4 Size )",A4,Foil,Both Side,Pad (10 x 100 letter heads),12000,13329.0
100 GSM Deo,374,"Letter Head - 100 GSM, Deo Paper + Foil ( A4 Size )",A4,Foil,Both Side,Pad (10 x 100 letter heads),16000,16949.0
100 GSM Deo,374,"Letter Head - 100 GSM, Deo Paper + Foil ( A4 Size )",A4,Foil,Both Side,Pockets (10 x 100 Letter Heads),1000,2639.0
100 GSM Deo,374,"Letter Head - 100 GSM, Deo Paper + Foil ( A4 Size )",A4,Foil,Both Side,Pockets (10 x 100 Letter Heads),2000,4639.0
100 GSM Deo,374,"Letter Head - 100 GSM, Deo Paper + Foil ( A4 Size )",A4,Foil,Both Side,Pockets (10 x 100 Letter Heads),3000,6569.0
100 GSM Deo,374,"Letter Head - 100 GSM, Deo Paper + Foil ( A4 Size )",A4,Foil,Both Side,Pockets (10 x 100 Letter Heads),4000,8429.0
100 GSM Deo,374,"Letter Head - 100 GSM, Deo Paper + Foil ( A4 Size )",A4,Foil,Both Side,Pockets (10 x 100 Letter Heads),8000,12789.0
100 GSM Deo,374,"Letter Head - 100 GSM, Deo Paper + Foil ( A4 Size )",A4,Foil,Both Side,Pockets (10 x 100 Letter Heads),12000,13329.0
100 GSM Deo,374,"Letter Head - 100 GSM, Deo Paper + Foil ( A4 Size )",A4,Foil,Both Side,Pockets (10 x 100 Letter Heads),16000,16949.0
100 GSM Deo,381,"Letter Head - 100 GSM, Deo Paper + Foil ( Letter Size)",Letter,Foil,Single Side,Not Required,1000,2199.0
100 GSM Deo,381,"Letter Head - 100 GSM, Deo Paper + Foil ( Letter Size)",Letter,Foil,Single Side,Not Required,2000,3769.0
100 GSM Deo,381,"Letter Head - 100 GSM, Deo Paper + Foil ( Letter Size)",Letter,Foil,Single Side,Not Required,3000,5279.0
100 GSM Deo,381,"Letter Head - 100 GSM, Deo Paper + Foil ( Letter Size)",Letter,Foil,Single Side,Not Required,4000,7129.0
100 GSM Deo,381,"Letter Head - 100 GSM, Deo Paper + Foil ( Letter Size)",Letter,Foil,Single Side,Not Required,8000,10859.0
100 GSM Deo,381,"Letter Head - 100 GSM, Deo Paper + Foil ( Letter Size)",Letter,Foil,Single Side,Not Required,12000,10579.0
100 GSM Deo,381,"Letter Head - 100 GSM, Deo Paper + Foil ( Letter Size)",Letter,Foil,Single Side,Not Required,16000,13889.0
100 GSM Deo,381,"Letter Head - 100 GSM, Deo Paper + Foil ( Letter Size)",Letter,Foil,Single Side,Pad (10 x 100 letter heads),1000,2299.0
100 GSM Deo,381,"Letter Head - 100 GSM, Deo Paper + Foil ( Letter Size)",Letter,Foil,Single Side,Pad (10 x 100 letter heads),2000,3969.0
100 GSM Deo,381,"Letter Head - 100 GSM, Deo Paper + Foil ( Letter Size)",Letter,Foil,Single Side,Pad (10 x 100 letter heads),3000,5579.0
100 GSM Deo,381,"Letter Head - 100 GSM, Deo Paper + Foil ( Letter Size)",Letter,Foil,Single Side,Pad (10 x 100 letter heads),4000,7529.0
100 GSM Deo,381,"Letter Head - 100 GSM, Deo Paper + Foil ( Letter Size)",Letter,Foil,Single Side,Pad (10 x 100 letter heads),8000,11659.0
100 GSM Deo,381,"Letter Head - 100 GSM, Deo Paper + Foil ( Letter Size)",Letter,Foil,Single Side,Pad (10 x 100 letter heads),12000,11379.0
100 GSM Deo,381,"Letter Head - 100 GSM, Deo Paper + Foil ( Letter Size)",Letter,Foil,Single Side,Pad (10 x 100 letter heads),16000,14689.0
100 GSM Deo,381,"Letter Head - 100 GSM, Deo Paper + Foil ( Letter Size)",Letter,Foil,Single Side,Pockets (10 x 100 Letter Heads),1000,2299.0
100 GSM Deo,381,"Letter Head - 100 GSM, Deo Paper + Foil ( Letter Size)",Letter,Foil,Single Side,Pockets (10 x 100 Letter Heads),2000,3969.0
100 GSM Deo,381,"Letter Head - 100 GSM, Deo Paper + Foil ( Letter Size)",Letter,Foil,Single Side,Pockets (10 x 100 Letter Heads),3000,5579.0
100 GSM Deo,381,"Letter Head - 100 GSM, Deo Paper + Foil ( Letter Size)",Letter,Foil,Single Side,Pockets (10 x 100 Letter Heads),4000,7529.0
100 GSM Deo,381,"Letter Head - 100 GSM, Deo Paper + Foil ( Letter Size)",Letter,Foil,Single Side,Pockets (10 x 100 Letter Heads),8000,11659.0
100 GSM Deo,381,"Letter Head - 100 GSM, Deo Paper + Foil ( Letter Size)",Letter,Foil,Single Side,Pockets (10 x 100 Letter Heads),12000,11379.0
100 GSM Deo,381,"Letter Head - 100 GSM, Deo Paper + Foil ( Letter Size)",Letter,Foil,Single Side,Pockets (10 x 100 Letter Heads),16000,14689.0
100 GSM Deo,381,"Letter Head - 100 GSM, Deo Paper + Foil ( Letter Size)",Letter,Foil,Both Side,Not Required,1000,2539.0
100 GSM Deo,381,"Letter Head - 100 GSM, Deo Paper + Foil ( Letter Size)",Letter,Foil,Both Side,Not Required,2000,4439.0
100 GSM Deo,381,"Letter Head - 100 GSM, Deo Paper + Foil ( Letter Size)",Letter,Foil,Both Side,Not Required,3000,6269.0
100 GSM Deo,381,"Letter Head - 100 GSM, Deo Paper + Foil ( Letter Size)",Letter,Foil,Both Side,Not Required,4000,8029.0
100 GSM Deo,381,"Letter Head - 100 GSM, Deo Paper + Foil ( Letter Size)",Letter,Foil,Both Side,Not Required,8000,11989.0
100 GSM Deo,381,"Letter Head - 100 GSM, Deo Paper + Foil ( Letter Size)",Letter,Foil,Both Side,Not Required,12000,12529.0
100 GSM Deo,381,"Letter Head - 100 GSM, Deo Paper + Foil ( Letter Size)",Letter,Foil,Both Side,Not Required,16000,16149.0
100 GSM Deo,381,"Letter Head - 100 GSM, Deo Paper + Foil ( Letter Size)",Letter,Foil,Both Side,Pad (10 x 100 letter heads),1000,2639.0
100 GSM Deo,381,"Letter Head - 100 GSM, Deo Paper + Foil ( Letter Size)",Letter,Foil,Both Side,Pad (10 x 100 letter heads),2000,4639.0
100 GSM Deo,381,"Letter Head - 100 GSM, Deo Paper + Foil ( Letter Size)",Letter,Foil,Both Side,Pad (10 x 100 letter heads),3000,6569.0
100 GSM Deo,381,"Letter Head - 100 GSM, Deo Paper + Foil ( Letter Size)",Letter,Foil,Both Side,Pad (10 x 100 letter heads),4000,8429.0
100 GSM Deo,381,"Letter Head - 100 GSM, Deo Paper + Foil ( Letter Size)",Letter,Foil,Both Side,Pad (10 x 100 letter heads),8000,12789.0
100 GSM Deo,381,"Letter Head - 100 GSM, Deo Paper + Foil ( Letter Size)",Letter,Foil,Both Side,Pad (10 x 100 letter heads),12000,13329.0
100 GSM Deo,381,"Letter Head - 100 GSM, Deo Paper + Foil ( Letter Size)",Letter,Foil,Both Side,Pad (10 x 100 letter heads),16000,16949.0
100 GSM Deo,381,"Letter Head - 100 GSM, Deo Paper + Foil ( Letter Size)",Letter,Foil,Both Side,Pockets (10 x 100 Letter Heads),1000,2639.0
100 GSM Deo,381,"Letter Head - 100 GSM, Deo Paper + Foil ( Letter Size)",Letter,Foil,Both Side,Pockets (10 x 100 Letter Heads),2000,4639.0
100 GSM Deo,381,"Letter Head - 100 GSM, Deo Paper + Foil ( Letter Size)",Letter,Foil,Both Side,Pockets (10 x 100 Letter Heads),3000,6569.0
100 GSM Deo,381,"Letter Head - 100 GSM, Deo Paper + Foil ( Letter Size)",Letter,Foil,Both Side,Pockets (10 x 100 Letter Heads),4000,8429.0
100 GSM Deo,381,"Letter Head - 100 GSM, Deo Paper + Foil ( Letter Size)",Letter,Foil,Both Side,Pockets (10 x 100 Letter Heads),8000,12789.0
100 GSM Deo,381,"Letter Head - 100 GSM, Deo Paper + Foil ( Letter Size)",Letter,Foil,Both Side,Pockets (10 x 100 Letter Heads),12000,13329.0
100 GSM Deo,381,"Letter Head - 100 GSM, Deo Paper + Foil ( Letter Size)",Letter,Foil,Both Side,Pockets (10 x 100 Letter Heads),16000,16949.0
115 GSM Sunshine,368,"Letter Head - 115 GSM, Sunshine Paper ( A4 Size )",A4,Plain,Single Side,Not Required,1000,1109.0
115 GSM Sunshine,368,"Letter Head - 115 GSM, Sunshine Paper ( A4 Size )",A4,Plain,Single Side,Not Required,2000,2179.0
115 GSM Sunshine,368,"Letter Head - 115 GSM, Sunshine Paper ( A4 Size )",A4,Plain,Single Side,Not Required,3000,3209.0
115 GSM Sunshine,368,"Letter Head - 115 GSM, Sunshine Paper ( A4 Size )",A4,Plain,Single Side,Not Required,4000,4439.0
115 GSM Sunshine,368,"Letter Head - 115 GSM, Sunshine Paper ( A4 Size )",A4,Plain,Single Side,Not Required,8000,7739.0
115 GSM Sunshine,368,"Letter Head - 115 GSM, Sunshine Paper ( A4 Size )",A4,Plain,Single Side,Not Required,12000,10969.0
115 GSM Sunshine,368,"Letter Head - 115 GSM, Sunshine Paper ( A4 Size )",A4,Plain,Single Side,Not Required,16000,14129.0
115 GSM Sunshine,368,"Letter Head - 115 GSM, Sunshine Paper ( A4 Size )",A4,Plain,Single Side,Pad (10 x 100 Letter Heads),1000,1209.0
115 GSM Sunshine,368,"Letter Head - 115 GSM, Sunshine Paper ( A4 Size )",A4,Plain,Single Side,Pad (10 x 100 Letter Heads),2000,2379.0
115 GSM Sunshine,368,"Letter Head - 115 GSM, Sunshine Paper ( A4 Size )",A4,Plain,Single Side,Pad (10 x 100 Letter Heads),3000,3509.0
115 GSM Sunshine,368,"Letter Head - 115 GSM, Sunshine Paper ( A4 Size )",A4,Plain,Single Side,Pad (10 x 100 Letter Heads),4000,4839.0
115 GSM Sunshine,368,"Letter Head - 115 GSM, Sunshine Paper ( A4 Size )",A4,Plain,Single Side,Pad (10 x 100 Letter Heads),8000,8539.0
115 GSM Sunshine,368,"Letter Head - 115 GSM, Sunshine Paper ( A4 Size )",A4,Plain,Single Side,Pad (10 x 100 Letter Heads),12000,11769.0
115 GSM Sunshine,368,"Letter Head - 115 GSM, Sunshine Paper ( A4 Size )",A4,Plain,Single Side,Pad (10 x 100 Letter Heads),16000,14929.0
115 GSM Sunshine,368,"Letter Head - 115 GSM, Sunshine Paper ( A4 Size )",A4,Plain,Single Side,Pockets (10 x 100 Letter Heads),1000,1209.0
115 GSM Sunshine,368,"Letter Head - 115 GSM, Sunshine Paper ( A4 Size )",A4,Plain,Single Side,Pockets (10 x 100 Letter Heads),2000,2379.0
115 GSM Sunshine,368,"Letter Head - 115 GSM, Sunshine Paper ( A4 Size )",A4,Plain,Single Side,Pockets (10 x 100 Letter Heads),3000,3509.0
115 GSM Sunshine,368,"Letter Head - 115 GSM, Sunshine Paper ( A4 Size )",A4,Plain,Single Side,Pockets (10 x 100 Letter Heads),4000,4839.0
115 GSM Sunshine,368,"Letter Head - 115 GSM, Sunshine Paper ( A4 Size )",A4,Plain,Single Side,Pockets (10 x 100 Letter Heads),8000,8539.0
115 GSM Sunshine,368,"Letter Head - 115 GSM, Sunshine Paper ( A4 Size )",A4,Plain,Single Side,Pockets (10 x 100 Letter Heads),12000,11769.0
115 GSM Sunshine,368,"Letter Head - 115 GSM, Sunshine Paper ( A4 Size )",A4,Plain,Single Side,Pockets (10 x 100 Letter Heads),16000,14929.0
115 GSM Sunshine,375,"Letter Head - 115 GSM, Sunshine Paper ( Letter Size )",Letter,Plain,Single Side,Not Required,1000,1109.0
115 GSM Sunshine,375,"Letter Head - 115 GSM, Sunshine Paper ( Letter Size )",Letter,Plain,Single Side,Not Required,2000,2179.0
115 GSM Sunshine,375,"Letter Head - 115 GSM, Sunshine Paper ( Letter Size )",Letter,Plain,Single Side,Not Required,3000,3209.0
115 GSM Sunshine,375,"Letter Head - 115 GSM, Sunshine Paper ( Letter Size )",Letter,Plain,Single Side,Not Required,4000,4439.0
115 GSM Sunshine,375,"Letter Head - 115 GSM, Sunshine Paper ( Letter Size )",Letter,Plain,Single Side,Not Required,8000,7739.0
115 GSM Sunshine,375,"Letter Head - 115 GSM, Sunshine Paper ( Letter Size )",Letter,Plain,Single Side,Not Required,12000,10969.0
115 GSM Sunshine,375,"Letter Head - 115 GSM, Sunshine Paper ( Letter Size )",Letter,Plain,Single Side,Not Required,16000,14129.0
115 GSM Sunshine,375,"Letter Head - 115 GSM, Sunshine Paper ( Letter Size )",Letter,Plain,Single Side,Pad (10 x 100 letter heads),1000,1209.0
115 GSM Sunshine,375,"Letter Head - 115 GSM, Sunshine Paper ( Letter Size )",Letter,Plain,Single Side,Pad (10 x 100 letter heads),2000,2379.0
115 GSM Sunshine,375,"Letter Head - 115 GSM, Sunshine Paper ( Letter Size )",Letter,Plain,Single Side,Pad (10 x 100 letter heads),3000,3509.0
115 GSM Sunshine,375,"Letter Head - 115 GSM, Sunshine Paper ( Letter Size )",Letter,Plain,Single Side,Pad (10 x 100 letter heads),4000,4839.0
115 GSM Sunshine,375,"Letter Head - 115 GSM, Sunshine Paper ( Letter Size )",Letter,Plain,Single Side,Pad (10 x 100 letter heads),8000,8539.0
115 GSM Sunshine,375,"Letter Head - 115 GSM, Sunshine Paper ( Letter Size )",Letter,Plain,Single Side,Pad (10 x 100 letter heads),12000,11769.0
115 GSM Sunshine,375,"Letter Head - 115 GSM, Sunshine Paper ( Letter Size )",Letter,Plain,Single Side,Pad (10 x 100 letter heads),16000,14929.0
115 GSM Sunshine,375,"Letter Head - 115 GSM, Sunshine Paper ( Letter Size )",Letter,Plain,Single Side,Pockets (10 x 100 Letter Heads),1000,1209.0
115 GSM Sunshine,375,"Letter Head - 115 GSM, Sunshine Paper ( Letter Size )",Letter,Plain,Single Side,Pockets (10 x 100 Letter Heads),2000,2379.0
115 GSM Sunshine,375,"Letter Head - 115 GSM, Sunshine Paper ( Letter Size )",Letter,Plain,Single Side,Pockets (10 x 100 Letter Heads),3000,3509.0
115 GSM Sunshine,375,"Letter Head - 115 GSM, Sunshine Paper ( Letter Size )",Letter,Plain,Single Side,Pockets (10 x 100 Letter Heads),4000,4839.0
115 GSM Sunshine,375,"Letter Head - 115 GSM, Sunshine Paper ( Letter Size )",Letter,Plain,Single Side,Pockets (10 x 100 Letter Heads),8000,8539.0
115 GSM Sunshine,375,"Letter Head - 115 GSM, Sunshine Paper ( Letter Size )",Letter,Plain,Single Side,Pockets (10 x 100 Letter Heads),12000,11769.0
115 GSM Sunshine,375,"Letter Head - 115 GSM, Sunshine Paper ( Letter Size )",Letter,Plain,Single Side,Pockets (10 x 100 Letter Heads),16000,14929.0
